Código;tipo
1155192863;Diretos
1155192867;Diretos
1155192872;Diretos
1155192876;Diretos
1155192880;Diretos
1155192884;Diretos
1155192890;Diretos
1155192896;Diretos
1155192902;Diretos
1155192908;Diretos
1155192912;Diretos
1155192917;Diretos
1155192921;Diretos
1155192928;Diretos
1155192933;Diretos
1155192939;Diretos
1155192945;Diretos
1155192952;Diretos
1155192958;Diretos
1155192963;Diretos
1155192968;Diretos
1155192972;Diretos
1155192978;Diretos
1155192984;Diretos
1155192990;Diretos
1155192996;Diretos
1155193002;Diretos
1155193011;Diretos
1155193015;Diretos
1155193019;Diretos
1155193022;Diretos
1155193026;Diretos
1155193030;Diretos
1155193035;Diretos
1155193039;Diretos
1155193046;Diretos
1155193051;Diretos
1155193056;Diretos
1155193062;Diretos
1155193070;Diretos
1155193079;Diretos
1155193084;Diretos
1155193089;Diretos
1155193095;Diretos
1155193102;Diretos
1155193109;Diretos
1155193114;Diretos
1155193120;Diretos
1155193127;Diretos
1155193131;Diretos
1155193140;Diretos
1155193145;Diretos
1155193155;Diretos
1155193159;Diretos
1155193165;Diretos
1155193170;Diretos
1155193176;Diretos
1155193183;Diretos
1155193191;Diretos
1155193194;Diretos
1155193198;Diretos
1155193200;Diretos
1155193204;Diretos
1155193209;Diretos
1155193213;Diretos
1155193217;Diretos
1155193223;Diretos
1155193226;Diretos
1155193233;Diretos
1155193240;Diretos
1155193246;Diretos
1155193251;Diretos
1155193258;Diretos
1155193268;Diretos
1155193274;Diretos
1155193284;Diretos
1155193289;Diretos
1155193296;Diretos
1155193305;Diretos
1155193312;Diretos
1155193316;Diretos
1155193325;Diretos
1155193331;Diretos
1155193339;Diretos
1155193345;Diretos
1155193352;Diretos
1155193360;Diretos
1155193366;Diretos
1155193371;Diretos
1155193379;Diretos
1155193387;Diretos
1155193391;Diretos
1155193396;Diretos
1155193401;Diretos
1155193404;Diretos
1155193409;Diretos
1155193414;Diretos
1155193420;Diretos
1155193427;Diretos
1155193433;Diretos
1155193448;Diretos
1155193454;Diretos
1155193459;Diretos
1155193464;Diretos
1155193470;Diretos
1155193474;Diretos
1155193480;Diretos
1155193486;Diretos
1155193492;Diretos
1155193497;Diretos
1155193503;Diretos
1155193509;Diretos
1155193516;Diretos
1155193523;Diretos
1155193527;Diretos
1155193534;Diretos
1155193539;Diretos
1155193545;Diretos
1155193550;Diretos
1155193556;Diretos
1155193561;Diretos
1155193567;Diretos
1155193573;Diretos
1155193577;Diretos
1155193582;Diretos
1155193590;Diretos
1155193596;Diretos
1155193601;Diretos
1155193606;Diretos
1155193609;Diretos
1155193612;Diretos
1155193618;Diretos
1155193624;Diretos
1155193630;Diretos
1155193636;Diretos
1155193644;Diretos
1155193649;Diretos
1155193655;Diretos
1155193660;Diretos
1155193665;Diretos
1155193673;Diretos
1155193680;Diretos
1155193684;Diretos
1155193691;Diretos
1155193697;Diretos
1155193702;Diretos
1155193705;Diretos
1155193710;Diretos
1155193717;Diretos
1155193724;Diretos
1155193732;Diretos
1155193740;Diretos
1155193748;Diretos
1155193754;Diretos
1155193760;Diretos
1155193766;Diretos
1155193771;Diretos
1155193776;Diretos
1155193780;Diretos
1155193786;Diretos
1155193791;Diretos
1155193799;Diretos
1155193807;Diretos
1155193813;Diretos
1155193818;Diretos
1155193824;Diretos
1155193830;Diretos
1155193837;Diretos
1155193844;Diretos
1155193854;Diretos
1155193862;Diretos
1155193866;Diretos
1155193873;Diretos
1155193878;Diretos
1155193884;Diretos
1155193892;Diretos
1155193899;Diretos
1155193904;Diretos
1155193908;Diretos
1155193914;Diretos
1155193921;Diretos
1155193926;Diretos
1155193932;Diretos
1155193940;Diretos
1155193947;Diretos
1155193953;Diretos
1155193958;Diretos
1155193962;Diretos
1155193967;Diretos
1155193972;Diretos
1155193977;Diretos
1155193980;Diretos
1155193984;Diretos
1155193988;Diretos
1155193993;Diretos
1155193998;Diretos
1155194005;Diretos
1155194010;Diretos
1155194015;Diretos
1155194020;Diretos
1155194028;Diretos
1155194032;Diretos
1155194037;Diretos
1155194040;Diretos
1155194046;Diretos
1155194052;Diretos
1155194059;Diretos
1155194064;Diretos
1155194071;Diretos
1155194075;Diretos
1155194080;Diretos
1155194084;Diretos
1155194089;Diretos
1155194094;Diretos
1155194099;Diretos
1155194103;Diretos
1155194110;Diretos
1155194115;Diretos
1155194119;Diretos
1155194123;Diretos
1155194125;Diretos
1155194130;Diretos
1155194134;Diretos
1155194138;Diretos
1155194142;Diretos
1155194150;Diretos
1155194156;Diretos
1155194164;Diretos
1155194174;Diretos
1155194182;Diretos
1155194192;Diretos
1155194197;Diretos
1155194203;Diretos
1155194209;Diretos
1155194215;Diretos
1155194221;Diretos
1155194225;Diretos
1155194231;Diretos
1155194235;Diretos
1155194239;Diretos
1155194243;Diretos
1155194246;Diretos
1155194251;Diretos
1155194256;Diretos
1155194261;Diretos
1155194266;Diretos
1155194272;Diretos
1155194277;Diretos
1155194282;Diretos
1155194286;Diretos
1155194293;Diretos
1155194297;Diretos
1155194301;Diretos
1155194306;Diretos
1155194311;Diretos
1155194316;Diretos
1155194321;Diretos
1155194325;Diretos
1155194330;Diretos
1155194334;Diretos
1155194339;Diretos
1155194342;Diretos
1155194349;Diretos
1155194356;Diretos
1155194364;Diretos
1155194371;Diretos
1155194377;Diretos
1155194382;Diretos
1155194387;Diretos
1155194392;Diretos
1155194397;Diretos
1155194403;Diretos
1155194412;Diretos
1155194421;Diretos
1155194427;Diretos
1155194436;Diretos
1155194442;Diretos
1155194448;Diretos
1155194453;Diretos
1155194463;Diretos
1155194472;Diretos
1155194477;Diretos
1155194482;Diretos
1155194487;Diretos
1155194492;Diretos
1155194497;Diretos
1155194501;Diretos
1155194506;Diretos
1155194510;Diretos
1155194516;Diretos
1155194522;Diretos
1155194529;Diretos
1155194535;Diretos
1155194542;Diretos
1155194546;Diretos
1155194551;Diretos
1155194557;Diretos
1155194562;Diretos
1155194568;Diretos
1155194574;Diretos
1155194581;Diretos
1155194586;Diretos
1155194592;Diretos
1155194598;Diretos
1155194603;Diretos
1155194608;Diretos
1155194614;Diretos
1155194618;Diretos
1155194625;Diretos
1155194632;Diretos
1155194639;Diretos
1155194643;Diretos
1155194649;Diretos
1155194653;Diretos
1155194658;Diretos
1155194661;Diretos
1155194666;Diretos
1155194668;Diretos
1155194672;Diretos
1155194678;Diretos
1155194683;Diretos
1155194687;Diretos
1155194689;Diretos
1155194693;Diretos
1155194698;Diretos
1155194708;Diretos
1155194713;Diretos
1155194718;Diretos
1155194726;Diretos
1155194730;Diretos
1155194735;Diretos
1155194740;Diretos
1155194746;Diretos
1155194751;Diretos
1155194757;Diretos
1155194763;Diretos
1155194768;Diretos
1155194773;Diretos
1155194779;Diretos
1155194783;Diretos
1155194787;Diretos
1155194793;Diretos
1155194799;Diretos
1155194804;Diretos
1155194808;Diretos
1155194812;Diretos
1155194818;Diretos
1155194823;Diretos
1155194826;Diretos
1155194830;Diretos
1155194836;Diretos
1155194839;Diretos
1155194841;Diretos
1155194848;Diretos
1155194858;Diretos
1155194864;Diretos
1155194869;Diretos
1155194877;Diretos
1155194883;Diretos
1155194889;Diretos
1155194896;Diretos
1155194902;Diretos
1155194909;Diretos
1155194917;Diretos
1155194924;Diretos
1155194930;Diretos
1155194938;Diretos
1155194945;Diretos
1155194952;Diretos
1155194958;Diretos
1155194964;Diretos
1155194970;Diretos
1155194973;Diretos
1155194978;Diretos
1155194981;Diretos
1155194994;Diretos
1155194999;Diretos
1155195004;Diretos
1155195009;Diretos
1155195019;Diretos
1155195026;Diretos
1155195035;Diretos
1155195041;Diretos
1155195047;Diretos
1155195054;Diretos
1155195058;Diretos
1155195067;Diretos
1155195072;Diretos
1155195081;Diretos
1155195089;Diretos
1155195096;Diretos
1155195102;Diretos
1155195109;Diretos
1155195116;Diretos
1155195127;Diretos
1155195143;Diretos
1155195151;Diretos
1155195156;Diretos
1155195164;Diretos
1155195171;Diretos
1155195183;Diretos
1155195191;Diretos
1155195198;Diretos
1155195208;Diretos
1155195215;Diretos
1155195224;Diretos
1155195233;Diretos
1155195244;Diretos
1155195251;Diretos
1155195262;Diretos
1155195270;Diretos
1155195279;Diretos
1155195287;Diretos
1155195296;Diretos
1155195304;Diretos
1155195316;Diretos
1155195325;Diretos
1155195337;Diretos
1155195347;Diretos
1155195357;Diretos
1155195366;Diretos
1155195379;Diretos
1155195386;Diretos
1155195396;Diretos
1155195407;Diretos
1155195422;Diretos
1155195434;Diretos
1155195444;Diretos
1155195457;Diretos
1155195466;Diretos
1155195472;Diretos
1155195481;Diretos
1155195488;Diretos
1155195495;Diretos
1155195502;Diretos
1155195510;Diretos
1155195516;Diretos
1155195523;Diretos
1155195529;Diretos
1155195537;Diretos
1155195544;Diretos
1155195553;Diretos
1155195556;Diretos
1155195560;Diretos
1155195567;Diretos
1155195571;Diretos
1155195575;Diretos
1155195581;Diretos
1155195585;Diretos
1155195589;Diretos
1155195599;Diretos
1155195604;Diretos
1155195609;Diretos
1155195616;Diretos
1155195622;Diretos
1155195627;Diretos
1155195633;Diretos
1155195637;Diretos
1155195642;Diretos
1155195647;Diretos
1155195651;Diretos
1155195655;Diretos
1155195660;Diretos
1155195666;Diretos
1155195672;Diretos
1155195678;Diretos
1155195683;Diretos
1155195689;Diretos
1155195694;Diretos
1155195699;Diretos
1155195704;Diretos
1155195710;Diretos
1155195716;Diretos
1155195720;Diretos
1155195725;Diretos
1155195731;Diretos
1155195736;Diretos
1155195738;Diretos
1155195744;Diretos
1155195749;Diretos
1155195754;Diretos
1155195759;Diretos
1155195766;Diretos
1155195771;Diretos
1155195778;Diretos
1155195784;Diretos
1155195789;Diretos
1155195793;Diretos
1155195797;Diretos
1155195801;Diretos
1155195805;Diretos
1155195809;Diretos
1155195814;Diretos
1155195819;Diretos
1155195823;Diretos
1155195829;Diretos
1155195834;Diretos
1155195841;Diretos
1155195846;Diretos
1155195851;Diretos
1155195860;Diretos
1155195865;Diretos
1155195870;Diretos
1155195876;Diretos
1155195881;Diretos
1155195886;Diretos
1155195889;Diretos
1155195894;Diretos
1155195898;Diretos
1155195903;Diretos
1155195908;Diretos
1155195912;Diretos
1155195917;Diretos
1155195921;Diretos
1155195926;Diretos
1155195930;Diretos
1155195934;Diretos
1155195938;Diretos
1155195942;Diretos
1155195950;Diretos
1155195956;Diretos
1155195962;Diretos
1155195969;Diretos
1155195977;Diretos
1155195981;Diretos
1155195996;Diretos
1155196003;Diretos
1155196010;Diretos
1155196016;Diretos
1155196024;Diretos
1155196031;Diretos
1155196036;Diretos
1155196041;Diretos
1155196047;Diretos
1155196054;Diretos
1155196060;Diretos
1155196063;Diretos
1155196068;Diretos
1155196073;Diretos
1155196078;Diretos
1155196084;Diretos
1155196088;Diretos
1155196092;Diretos
1155196095;Diretos
1155196100;Diretos
1155196105;Diretos
1155196111;Diretos
1155196120;Diretos
1155196129;Diretos
1155196136;Diretos
1155196145;Diretos
1155196153;Diretos
1155196158;Diretos
1155196165;Diretos
1155196169;Diretos
1155196176;Diretos
1155196185;Diretos
1155196192;Diretos
1155196197;Diretos
1155196202;Diretos
1155196210;Diretos
1155196215;Diretos
1155196224;Diretos
1155196229;Diretos
1155196233;Diretos
1155196239;Diretos
1155196244;Diretos
1155196248;Diretos
1155196252;Diretos
1155196256;Diretos
1155196260;Diretos
1155196264;Diretos
1155196267;Diretos
1155196268;Diretos
1155196272;Diretos
1155196280;Diretos
1155196286;Diretos
1155196294;Diretos
1155196299;Diretos
1155196304;Diretos
1155196311;Diretos
1155196315;Diretos
1155196320;Diretos
1155196326;Diretos
1155196333;Diretos
1155196342;Diretos
1155196348;Diretos
1155196353;Diretos
1155196360;Diretos
1155196368;Diretos
1155196374;Diretos
1155196381;Diretos
1155196386;Diretos
1155196392;Diretos
1155196400;Diretos
1155196407;Diretos
1155196413;Diretos
1155196422;Diretos
1155196427;Diretos
1155196430;Diretos
1155196437;Diretos
1155196443;Diretos
1155196449;Diretos
1155196453;Diretos
1155196457;Diretos
1155196464;Diretos
1155196473;Diretos
1155196481;Diretos
1155196488;Diretos
1155196495;Diretos
1155196504;Diretos
1155196511;Diretos
1155196517;Diretos
1155196523;Diretos
1155196534;Diretos
1155196542;Diretos
1155196549;Diretos
1155196557;Diretos
1155196563;Diretos
1155196571;Diretos
1155196579;Diretos
1155196586;Diretos
1155196591;Diretos
1155196597;Diretos
1155196603;Diretos
1155196614;Diretos
1155196619;Diretos
1155196624;Diretos
1155196630;Diretos
1155196636;Diretos
1155196642;Diretos
1155196646;Diretos
1155196651;Diretos
1155196656;Diretos
1155196661;Diretos
1155196669;Diretos
1155196674;Diretos
1155196679;Diretos
1155196685;Diretos
1155196689;Diretos
1155196695;Diretos
1155196701;Diretos
1155196707;Diretos
1155196712;Diretos
1155196719;Diretos
1155196726;Diretos
1155196732;Diretos
1155196737;Diretos
1155196743;Diretos
1155196748;Diretos
1155196760;Diretos
1155196766;Diretos
1155196769;Diretos
1155196775;Diretos
1155196779;Diretos
1155196783;Diretos
1155196787;Diretos
1155196791;Diretos
1155196797;Diretos
1155196801;Diretos
1155196806;Diretos
1155196812;Diretos
1155196816;Diretos
1155196820;Diretos
1155196826;Diretos
1155196832;Diretos
1155196837;Diretos
1155196840;Diretos
1155196844;Diretos
1155196849;Diretos
1155196853;Diretos
1155196857;Diretos
1155196865;Diretos
1155196870;Diretos
1155196876;Diretos
1155196885;Diretos
1155196891;Diretos
1155196897;Diretos
1155196901;Diretos
1155196910;Diretos
1155196915;Diretos
1155196920;Diretos
1155196926;Diretos
1155196930;Diretos
1155196934;Diretos
1155196939;Diretos
1155196945;Diretos
1155196951;Diretos
1155196956;Diretos
1155196963;Diretos
1155196967;Diretos
1155196972;Diretos
1155196979;Diretos
1155196985;Diretos
1155196991;Diretos
1155196995;Diretos
1155197002;Diretos
1155197007;Diretos
1155197011;Diretos
1155197017;Diretos
1155197027;Diretos
1155197034;Diretos
1155197040;Diretos
1155197046;Diretos
1155197051;Diretos
1155197056;Diretos
1155197060;Diretos
1155197065;Diretos
1155197071;Diretos
1155197076;Diretos
1155197082;Diretos
1155197088;Diretos
1155197094;Diretos
1155197099;Diretos
1155197102;Diretos
1155197110;Diretos
1155197113;Diretos
1155197119;Diretos
1155197125;Diretos
1155197131;Diretos
1155197136;Diretos
1155197143;Diretos
1155197148;Diretos
1155197153;Diretos
1155197160;Diretos
1155197169;Diretos
1155197172;Diretos
1155197176;Diretos
1155197181;Diretos
1155197188;Diretos
1155197193;Diretos
1155197197;Diretos
1155197204;Diretos
1155197211;Diretos
1155197217;Diretos
1155197225;Diretos
1155197231;Diretos
1155197236;Diretos
1155197242;Diretos
1155197248;Diretos
1155197255;Diretos
1155197261;Diretos
1155197267;Diretos
1155197274;Diretos
1155197279;Diretos
1155197285;Diretos
1155197292;Diretos
1155197299;Diretos
1155197305;Diretos
1155197312;Diretos
1155197323;Diretos
1155197328;Diretos
1155197335;Diretos
1155197342;Diretos
1155197348;Diretos
1155197352;Diretos
1155197358;Diretos
1155197363;Diretos
1155197366;Diretos
1155197371;Diretos
1155197378;Diretos
1155197382;Diretos
1155197387;Diretos
1155197389;Diretos
1155197394;Diretos
1155197400;Diretos
1155197406;Diretos
1155197411;Diretos
1155197419;Diretos
1155197425;Diretos
1155197432;Diretos
1155197439;Diretos
1155197443;Diretos
1155197452;Diretos
1155197456;Diretos
1155197465;Diretos
1155197472;Diretos
1155197478;Diretos
1155197484;Diretos
1155197490;Diretos
1155197498;Diretos
1155197505;Diretos
1155197513;Diretos
1155197519;Diretos
1155197524;Diretos
1155197529;Diretos
1155197534;Diretos
1155197540;Diretos
1155197544;Diretos
1155197550;Diretos
1155197552;Diretos
1155197555;Diretos
1155197561;Diretos
1155197565;Diretos
1155197569;Diretos
1155197573;Diretos
1155197577;Diretos
1155197581;Diretos
1155197587;Diretos
1155197589;Diretos
1155197598;Diretos
1155197603;Diretos
1155197609;Diretos
1155197616;Diretos
1155197623;Diretos
1155197628;Diretos
1155197635;Diretos
1155197640;Diretos
1155197643;Diretos
1155197648;Diretos
1155197653;Diretos
1155197658;Diretos
1155197664;Diretos
1155197671;Diretos
1155197676;Diretos
1155197683;Diretos
1155197688;Diretos
1155197693;Diretos
1155197702;Diretos
1155197708;Diretos
1155197712;Diretos
1155197716;Diretos
1155197723;Diretos
1155197727;Diretos
1155197733;Diretos
1155197744;Diretos
1155197749;Diretos
1155197755;Diretos
1155197759;Diretos
1155197762;Diretos
1155197766;Diretos
1155197771;Diretos
1155197776;Diretos
1155197783;Diretos
1155197788;Diretos
1155197794;Diretos
1155197802;Diretos
1155197808;Diretos
1155197815;Diretos
1155197822;Diretos
1155197828;Diretos
1155197835;Diretos
1155197842;Diretos
1155197847;Diretos
1155197854;Diretos
1155197861;Diretos
1155197869;Diretos
1155197874;Diretos
1155197879;Diretos
1155197886;Diretos
1155197901;Diretos
1155197909;Diretos
1155197916;Diretos
1155197922;Diretos
1155197928;Diretos
1155197935;Diretos
1155197941;Diretos
1155197947;Diretos
1155197952;Diretos
1155197958;Diretos
1155197962;Diretos
1155197968;Diretos
1155197975;Diretos
1155197981;Diretos
1155197986;Diretos
1155197995;Diretos
1155198001;Diretos
1155198009;Diretos
1155198015;Diretos
1155198021;Diretos
1155198027;Diretos
1155198036;Diretos
1155198044;Diretos
1155198051;Diretos
1155198059;Diretos
1155198074;Diretos
1155198083;Diretos
1155198087;Diretos
1155198095;Diretos
1155198102;Diretos
1155198110;Diretos
1155198119;Diretos
1155198126;Diretos
1155198134;Diretos
1155198144;Diretos
1155198152;Diretos
1155198163;Diretos
1155198172;Diretos
1155198189;Diretos
1155198198;Diretos
1155198205;Diretos
1155198212;Diretos
1155198222;Diretos
1155198232;Diretos
1155198242;Diretos
1155198251;Diretos
1155198259;Diretos
1155198266;Diretos
1155198274;Diretos
1155198283;Diretos
1155198303;Diretos
1155198313;Diretos
1155198320;Diretos
1155198329;Diretos
1155198338;Diretos
1155198348;Diretos
1155198356;Diretos
1155198364;Diretos
1155198368;Diretos
1155198375;Diretos
1155198383;Diretos
1155198390;Diretos
1155198397;Diretos
1155198408;Diretos
1155198420;Diretos
1158405214;Diretos
